Name	Image
Michael van Lingen	"https://img1.hscicdn.com/image/upload/f_auto,t_ds_square_w_320/lsci/db/PICTURES/CMS/350300/350305.png"
Divan la Cock	"https://img1.hscicdn.com/image/upload/f_auto,t_ds_square_w_320/lsci/db/PICTURES/CMS/350300/350303.png"
Jan Nicol Loftie-Eaton	"https://img1.hscicdn.com/image/upload/f_auto,t_ds_square_w_320/lsci/db/PICTURES/CMS/348600/348606.png"
Stephan Baard	"https://img1.hscicdn.com/image/upload/f_auto,t_ds_square_w_320/lsci/db/PICTURES/CMS/329700/329756.png"
Gerhard Erasmus	"https://img1.hscicdn.com/image/upload/f_auto,t_ds_square_w_320/lsci/db/PICTURES/CMS/329700/329755.png"
Jan Frylinck	"https://img1.hscicdn.com/image/upload/f_auto,t_ds_square_w_320/lsci/db/PICTURES/CMS/348600/348605.png"
David Wiese	"https://img1.hscicdn.com/image/upload/f_auto,t_ds_square_w_320/lsci/db/PICTURES/CMS/322000/322079.png"
JJ Smit	"https://img1.hscicdn.com/image/upload/f_auto,t_ds_square_w_320/lsci/db/PICTURES/CMS/329700/329762.png"
Pathum Nissanka	"https://img1.hscicdn.com/image/upload/f_auto,t_ds_square_w_320/lsci/db/PICTURES/CMS/323000/323070.png"
Kusal Mendis	"https://img1.hscicdn.com/image/upload/f_auto,t_ds_square_w_320/lsci/db/PICTURES/CMS/319800/319866.png"
Dhananjaya de Silva	"https://img1.hscicdn.com/image/upload/f_auto,t_ds_square_w_320/lsci/db/PICTURES/CMS/319800/319859.png"
Danushka Gunathilaka	"https://img1.hscicdn.com/image/upload/f_auto,t_ds_square_w_320/lsci/db/PICTURES/CMS/319800/319857.png"
Bhanuka Rajapaksa	"https://img1.hscicdn.com/image/upload/f_auto,t_ds_square_w_320/lsci/db/PICTURES/CMS/340300/340306.png"
Dasun Shanaka	"https://img1.hscicdn.com/image/upload/f_auto,t_ds_square_w_320/lsci/db/PICTURES/CMS/328000/328058.png"
Wanindu Hasaranga	"https://img1.hscicdn.com/image/upload/f_auto,t_ds_square_w_320/lsci/db/PICTURES/CMS/322900/322946.png"
Chamika Karunaratne	"https://img1.hscicdn.com/image/upload/f_auto,t_ds_square_w_320/lsci/db/PICTURES/CMS/329900/329937.png"
Pramod Madushan	"https://img1.hscicdn.com/image/upload/f_auto,t_ds_square_w_320/lsci/db/PICTURES/CMS/355400/355401.png"
Dushmantha Chameera	"https://img1.hscicdn.com/image/upload/f_auto,t_ds_square_w_320/lsci/db/PICTURES/CMS/319800/319862.png"
Maheesh Theekshana	"https://img1.hscicdn.com/image/upload/f_auto,t_ds_square_w_320/lsci/db/PICTURES/CMS/347800/347825.png"
Chirag Suri	"https://img1.hscicdn.com/image/upload/f_auto,t_ds_square_w_320/lsci/db/PICTURES/CMS/320000/320095.png"
Muhammad Waseem	"https://img1.hscicdn.com/image/upload/f_auto,t_ds_square_w_320/lsci/db/PICTURES/CMS/354900/354962.png"
Kashif Daud	"https://img1.hscicdn.com/image/upload/f_auto,t_ds_square_w_320/lsci/db/PICTURES/CMS/351500/351562.png"
Vriitya Aravind	"https://img1.hscicdn.com/image/upload/f_auto,t_ds_square_w_320/lsci/db/PICTURES/CMS/354900/354964.png"
Zawar Farid	"https://img1.hscicdn.com/image/upload/f_auto,t_ds_square_w_320/lsci/db/PICTURES/CMS/354900/354966.png"
Basil Hameed	"https://img1.hscicdn.com/image/upload/f_auto,t_ds_square_w_320/lsci/db/PICTURES/CMS/354900/354958.png"
Chundangapoyil Rizwan	"https://img1.hscicdn.com/image/upload/f_auto,t_ds_square_w_320/lsci/db/PICTURES/CMS/320300/320320.png"
Aayan Afzal Khan	"https://img1.hscicdn.com/image/upload/f_auto,t_ds_square_w_320/lsci/db/PICTURES/CMS/354900/354956.png"
Karthik Meiyappan	"https://img1.hscicdn.com/image/upload/f_auto,t_ds_square_w_320/lsci/db/PICTURES/CMS/351500/351563.png"
Junaid Siddique	"https://img1.hscicdn.com/image/upload/f_auto,t_ds_square_w_320/lsci/db/PICTURES/CMS/354900/354960.png"
Vikramjit Singh	
Max O'Dowd	"https://img1.hscicdn.com/image/upload/f_auto,t_ds_square_w_320/lsci/db/PICTURES/CMS/322500/322583.png"
Bas de Leede	"https://img1.hscicdn.com/image/upload/f_auto,t_ds_square_w_320/lsci/db/PICTURES/CMS/322600/322637.png"
Colin Ackermann	"https://img1.hscicdn.com/image/upload/f_auto,t_ds_square_w_320/lsci/db/PICTURES/CMS/322600/322638.png"
Tom Cooper	"https://img1.hscicdn.com/image/upload/f_auto,t_ds_square_w_320/lsci/db/PICTURES/CMS/322400/322485.png"
Scott Edwards	"https://img1.hscicdn.com/image/upload/f_auto,t_ds_square_w_320/lsci/db/PICTURES/CMS/322500/322592.png"
Roelof van der Merwe	"https://img1.hscicdn.com/image/upload/f_auto,t_ds_square_w_320/lsci/db/PICTURES/CMS/322500/322596.png"
Tim Pringle	
Logan van Beek	"https://img1.hscicdn.com/image/upload/f_auto,t_ds_square_w_320/lsci/db/PICTURES/CMS/331100/331170.png"
George Munsey	"https://img1.hscicdn.com/image/upload/f_auto,t_ds_square_w_320/lsci/db/PICTURES/CMS/320300/320365.png"
Michael Jones	"https://img1.hscicdn.com/image/upload/f_auto,t_ds_square_w_320/lsci/db/PICTURES/CMS/322400/322444.png"
Matthew Cross	"https://img1.hscicdn.com/image/upload/f_auto,t_ds_square_w_320/lsci/db/PICTURES/CMS/316600/316680.png"
Richie Berrington	"https://img1.hscicdn.com/image/upload/f_auto,t_ds_square_w_320/lsci/db/PICTURES/CMS/316500/316587.png"
Calum MacLeod	"https://img1.hscicdn.com/image/upload/f_auto,t_ds_square_w_320/lsci/db/PICTURES/CMS/316500/316597.png"
Michael Leask	"https://img1.hscicdn.com/image/upload/f_auto,t_ds_square_w_320/lsci/db/PICTURES/CMS/316600/316678.png"
Chris Greaves	"https://img1.hscicdn.com/image/upload/f_auto,t_ds_square_w_320/lsci/db/PICTURES/CMS/329700/329745.png"
Kyle Mayers	"https://img1.hscicdn.com/image/upload/f_auto,t_ds_square_w_320/lsci/db/PICTURES/CMS/322000/322024.png"
Evin Lewis	"https://img1.hscicdn.com/image/upload/f_auto,t_ds_square_w_320/lsci/db/PICTURES/CMS/320000/320093.png"
Brandon King	"https://img1.hscicdn.com/image/upload/f_auto,t_ds_square_w_320/lsci/db/PICTURES/CMS/321900/321983.png"
Nicholas Pooran	"https://img1.hscicdn.com/image/upload/f_auto,t_ds_square_w_320/lsci/db/PICTURES/CMS/320100/320109.png"
Shamarh Brooks	"https://img1.hscicdn.com/image/upload/f_auto,t_ds_square_w_320/lsci/db/PICTURES/CMS/322000/322048.png"
Rovman Powell	"https://img1.hscicdn.com/image/upload/f_auto,t_ds_square_w_320/lsci/db/PICTURES/CMS/322100/322172.png"
Jason Holder	"https://img1.hscicdn.com/image/upload/f_auto,t_ds_square_w_320/lsci/db/PICTURES/CMS/316600/316673.png"
Akeal Hosein	"https://img1.hscicdn.com/image/upload/f_auto,t_ds_square_w_320/lsci/db/PICTURES/CMS/321900/321939.png"
Alzarri Joseph	"https://img1.hscicdn.com/image/upload/f_auto,t_ds_square_w_320/lsci/db/PICTURES/CMS/321900/321943.png"
Odean Smith	"https://img1.hscicdn.com/image/upload/f_auto,t_ds_square_w_320/lsci/db/PICTURES/CMS/351800/351853.png"
Obed McCoy	"https://img1.hscicdn.com/image/upload/f_auto,t_ds_square_w_320/lsci/db/PICTURES/CMS/322000/322031.png"
Regis Chakabva	"https://img1.hscicdn.com/image/upload/f_auto,t_ds_square_w_320/lsci/db/PICTURES/CMS/316600/316627.png"
Craig Ervine	"https://img1.hscicdn.com/image/upload/f_auto,t_ds_square_w_320/lsci/db/PICTURES/CMS/316500/316567.png"
Wessly Madhevere	"https://img1.hscicdn.com/image/upload/f_auto,t_ds_square_w_320/lsci/db/PICTURES/CMS/326500/326552.png"
Sean Williams	"https://img1.hscicdn.com/image/upload/f_auto,t_ds_square_w_320/lsci/db/PICTURES/CMS/316500/316568.png"
Sikandar Raza	"https://img1.hscicdn.com/image/upload/f_auto,t_ds_square_w_320/lsci/db/PICTURES/CMS/316600/316632.png"
Milton Shumba	"https://img1.hscicdn.com/image/upload/f_auto,t_h_100_2x/lsci/db/PICTURES/CMS/354000/354052.1.png"
Ryan Burl	"https://img1.hscicdn.com/image/upload/f_auto,t_ds_square_w_320/lsci/db/PICTURES/CMS/321400/321488.png"
Luke Jongwe	"https://img1.hscicdn.com/image/upload/f_auto,t_ds_square_w_320/lsci/db/PICTURES/CMS/348500/348593.png"
Paul Stirling	"https://img1.hscicdn.com/image/upload/f_auto,t_ds_square_w_320/lsci/db/PICTURES/CMS/316600/316638.png"
Andy Balbirnie	"https://img1.hscicdn.com/image/upload/f_auto,t_ds_square_w_320/lsci/db/PICTURES/CMS/316600/316637.png"
Lorcan Tucker	"https://img1.hscicdn.com/image/upload/f_auto,t_ds_square_w_320/lsci/db/PICTURES/CMS/339100/339164.png"
Harry Tector	"https://img1.hscicdn.com/image/upload/f_auto,t_ds_square_w_320/lsci/db/PICTURES/CMS/319800/319873.png"
Curtis Campher	"https://img1.hscicdn.com/image/upload/f_auto,t_ds_square_w_320/lsci/db/PICTURES/CMS/321300/321343.png"
George Dockrell	"https://img1.hscicdn.com/image/upload/f_auto,t_ds_square_w_320/lsci/db/PICTURES/CMS/316600/316659.png"
Gareth Delany	"https://img1.hscicdn.com/image/upload/f_auto,t_ds_square_w_320/lsci/db/PICTURES/CMS/319800/319872.png"
Mark Adair	"https://img1.hscicdn.com/image/upload/f_auto,t_ds_square_w_320/lsci/db/PICTURES/CMS/319800/319892.png"
Simi Singh	"https://img1.hscicdn.com/image/upload/f_auto,t_ds_square_w_320/lsci/db/PICTURES/CMS/319800/319897.png"
Barry McCarthy	"https://img1.hscicdn.com/image/upload/f_auto,t_ds_square_w_320/lsci/db/PICTURES/CMS/319800/319870.png"
Josh Little	"https://img1.hscicdn.com/image/upload/f_auto,t_ds_square_w_320/lsci/db/PICTURES/CMS/319800/319874.png"
Charith Asalanka	"https://img1.hscicdn.com/image/upload/f_auto,t_ds_square_w_320/lsci/db/PICTURES/CMS/348500/348599.png"
Aryan Lakra	"https://img1.hscicdn.com/image/upload/f_auto,t_ds_square_w_320/lsci/db/PICTURES/CMS/354900/354957.png"
Zahoor Khan	"https://img1.hscicdn.com/image/upload/f_auto,t_ds_square_w_320/lsci/db/PICTURES/CMS/320100/320104.png"
Johnson Charles	"https://img1.hscicdn.com/image/upload/f_auto,t_ds_square_w_320/lsci/db/PICTURES/CMS/322000/322008.png"
Regis Chakabva	"https://img1.hscicdn.com/image/upload/f_auto,t_ds_square_w_640,q_50/lsci/db/PICTURES/CMS/316600/316627.png"
Tony Munyonga	"https://img1.hscicdn.com/image/upload/f_auto,t_ds_square_w_320/lsci/db/PICTURES/CMS/348500/348594.png"
Richard Ngarava	"https://img1.hscicdn.com/image/upload/f_auto,t_ds_square_w_320/lsci/db/PICTURES/CMS/348500/348597.png"
Tendai Chatara	"https://img1.hscicdn.com/image/upload/f_auto,t_ds_square_w_320/lsci/db/PICTURES/CMS/316600/316683.png"
Blessing Muzarabani	"https://img1.hscicdn.com/image/upload/f_auto,t_ds_square_w_320/lsci/db/PICTURES/CMS/321400/321471.png"
Timm van der Gugten	"https://img1.hscicdn.com/image/upload/f_auto,t_ds_square_w_320/lsci/db/PICTURES/CMS/322600/322642.png"
Fred Klaassen	"https://img1.hscicdn.com/image/upload/f_auto,t_ds_square_w_320/lsci/db/PICTURES/CMS/324200/324241.png"
Paul van Meekeren	"https://img1.hscicdn.com/image/upload/f_auto,t_ds_square_w_320/lsci/db/PICTURES/CMS/322600/322644.png"
Alishan Sharafu	"https://img1.hscicdn.com/image/upload/f_auto,t_ds_square_w_320/lsci/db/PICTURES/CMS/351800/351852.png"
Zane Green	"https://img1.hscicdn.com/image/upload/f_auto,t_ds_square_w_320/lsci/db/PICTURES/CMS/350300/350307.png"
Ruben Trumpelmann	"https://img1.hscicdn.com/image/upload/f_auto,t_ds_square_w_320/lsci/db/PICTURES/CMS/348600/348607.png"
Bernard Scholtz	"https://img1.hscicdn.com/image/upload/f_auto,t_ds_square_w_320/lsci/db/PICTURES/CMS/329700/329759.png"
Josh Davey	"https://img1.hscicdn.com/image/upload/f_auto,t_ds_square_w_320/lsci/db/PICTURES/CMS/316600/316676.png"
Finn Allen	"https://img1.hscicdn.com/image/upload/f_auto,t_ds_square_w_320/lsci/db/PICTURES/CMS/321200/321220.png"
Devon Conway	"https://img1.hscicdn.com/image/upload/f_auto,t_ds_square_w_320/lsci/db/PICTURES/CMS/321200/321214.png"
Kane Williamson	"https://img1.hscicdn.com/image/upload/f_auto,t_ds_square_w_320/lsci/db/PICTURES/CMS/316600/316618.png"
Glenn Phillips	"https://img1.hscicdn.com/image/upload/f_auto,t_ds_square_w_320/lsci/db/PICTURES/CMS/321200/321223.png"
James Neesham	"https://img1.hscicdn.com/image/upload/f_auto,t_ds_square_w_320/lsci/db/PICTURES/CMS/319700/319781.png"
David Warner	"https://img1.hscicdn.com/image/upload/f_auto,t_ds_square_w_320/lsci/db/PICTURES/CMS/316500/316589.png"
Aaron Finch	"https://img1.hscicdn.com/image/upload/f_auto,t_ds_square_w_320/lsci/db/PICTURES/CMS/316500/316533.png"
Mitchell Marsh	"https://img1.hscicdn.com/image/upload/f_auto,t_ds_square_w_320/lsci/db/PICTURES/CMS/316600/316612.png"
Glenn Maxwell	"https://img1.hscicdn.com/image/upload/f_auto,t_ds_square_w_320/lsci/db/PICTURES/CMS/316600/316657.png"
Marcus Stoinis	"https://img1.hscicdn.com/image/upload/f_auto,t_ds_square_w_320/lsci/db/PICTURES/CMS/321500/321596.png"
Tim David	"https://img1.hscicdn.com/image/upload/f_auto,t_ds_square_w_320/lsci/db/PICTURES/CMS/340300/340305.png"
Matthew Wade	"https://img1.hscicdn.com/image/upload/f_auto,t_ds_square_w_320/lsci/db/PICTURES/CMS/316500/316594.png"
Pat Cummins	"https://img1.hscicdn.com/image/upload/f_auto,t_ds_square_w_320/lsci/db/PICTURES/CMS/316600/316692.png"
Mitchell Starc	"https://img1.hscicdn.com/image/upload/f_auto,t_ds_square_w_320/lsci/db/PICTURES/CMS/316600/316644.png"
Adam Zampa	"https://img1.hscicdn.com/image/upload/f_auto,t_ds_square_w_320/lsci/db/PICTURES/CMS/321500/321549.png"
Josh Hazlewood	"https://img1.hscicdn.com/image/upload/f_auto,t_ds_square_w_320/lsci/db/PICTURES/CMS/316600/316622.png"
Hazratullah Zazai	"https://img1.hscicdn.com/image/upload/f_auto,t_ds_square_w_320/lsci/db/PICTURES/CMS/320400/320497.png"
Rahmanullah Gurbaz	"https://img1.hscicdn.com/image/upload/f_auto,t_ds_square_w_320/lsci/db/PICTURES/CMS/320500/320504.png"
Ibrahim Zadran	"https://img1.hscicdn.com/image/upload/f_auto,t_ds_square_w_320/lsci/db/PICTURES/CMS/321300/321311.png"
Usman Ghani	"https://img1.hscicdn.com/image/upload/f_auto,t_ds_square_w_320/lsci/db/PICTURES/CMS/316700/316708.png"
Najibullah Zadran	"https://img1.hscicdn.com/image/upload/f_auto,t_ds_square_w_320/lsci/db/PICTURES/CMS/316600/316698.png"
Mohammad Nabi	"https://img1.hscicdn.com/image/upload/f_auto,t_ds_square_w_320/lsci/db/PICTURES/CMS/316500/316558.png"
Azmatullah Omarzai	"https://img1.hscicdn.com/image/upload/f_auto,t_h_100_2x/lsci/db/PICTURES/CMS/347800/347832.4.jpg"
Rashid Khan	"https://img1.hscicdn.com/image/upload/f_auto,t_ds_square_w_320/lsci/db/PICTURES/CMS/320500/320506.png"
Mujeeb Ur Rahman	"https://img1.hscicdn.com/image/upload/f_auto,t_ds_square_w_320/lsci/db/PICTURES/CMS/320500/320501.png"
Fareed Ahmad	"https://img1.hscicdn.com/image/upload/f_auto,t_ds_square_w_320/lsci/db/PICTURES/CMS/320400/320494.png"
Fazalhaq Farooqi	"https://img1.hscicdn.com/image/upload/f_auto,t_ds_square_w_320/lsci/db/PICTURES/CMS/345000/345077.png"
Jos Buttler	"https://img1.hscicdn.com/image/upload/f_auto,t_ds_square_w_320/lsci/db/PICTURES/CMS/316600/316642.png"
Alex Hales	"https://img1.hscicdn.com/image/upload/f_auto,t_ds_square_w_320/lsci/db/PICTURES/CMS/316600/316604.png"
Dawid Malan	"https://img1.hscicdn.com/image/upload/f_auto,t_ds_square_w_320/lsci/db/PICTURES/CMS/323000/323003.png"
Ben Stokes	"https://img1.hscicdn.com/image/upload/f_auto,t_ds_square_w_320/lsci/db/PICTURES/CMS/319700/319748.png"
Liam Livingstone	"https://img1.hscicdn.com/image/upload/f_auto,t_ds_square_w_320/lsci/db/PICTURES/CMS/323100/323103.png"
Harry Brook	"https://img1.hscicdn.com/image/upload/f_auto,t_ds_square_w_320/lsci/db/PICTURES/CMS/324200/324246.png"
Moeen Ali	"https://img1.hscicdn.com/image/upload/f_auto,t_ds_square_w_320/lsci/db/PICTURES/CMS/316500/316557.png"
Mohammad Rizwan	"https://img1.hscicdn.com/image/upload/f_auto,t_ds_square_w_320/lsci/db/PICTURES/CMS/320400/320458.png"
Babar Azam	"https://img1.hscicdn.com/image/upload/f_auto,t_ds_square_w_320/lsci/db/PICTURES/CMS/320400/320448.png"
Shan Masood	"https://img1.hscicdn.com/image/upload/f_auto,t_ds_square_w_320/lsci/db/PICTURES/CMS/322200/322251.png"
Iftikhar Ahmed	"https://img1.hscicdn.com/image/upload/f_auto,t_ds_square_w_320/lsci/db/PICTURES/CMS/322100/322153.png"
Shadab Khan	"https://img1.hscicdn.com/image/upload/f_auto,t_ds_square_w_320/lsci/db/PICTURES/CMS/320400/320467.png"
Haider Ali	"https://img1.hscicdn.com/image/upload/f_auto,t_ds_square_w_320/lsci/db/PICTURES/CMS/322200/322204.png"
Mohammad Nawaz	"https://img1.hscicdn.com/image/upload/f_auto,t_ds_square_w_320/lsci/db/PICTURES/CMS/322200/322217.png"
Asif Ali	"https://img1.hscicdn.com/image/upload/f_auto,t_ds_square_w_320/lsci/db/PICTURES/CMS/322100/322192.png"
Shaheen Shah Afridi	"https://img1.hscicdn.com/image/upload/f_auto,t_ds_square_w_320/lsci/db/PICTURES/CMS/322200/322250.png"
Haris Rauf	"https://img1.hscicdn.com/image/upload/f_auto,t_ds_square_w_320/lsci/db/PICTURES/CMS/322200/322202.png"
KL Rahul	"https://img1.hscicdn.com/image/upload/f_auto,t_ds_square_w_320/lsci/db/PICTURES/CMS/319900/319942.png"
Rohit Sharma	"https://img1.hscicdn.com/image/upload/f_auto,t_ds_square_w_320/lsci/db/PICTURES/CMS/316500/316584.png"
Virat Kohli	"https://img1.hscicdn.com/image/upload/f_auto,t_ds_square_w_320/lsci/db/PICTURES/CMS/316600/316605.png"
Suryakumar Yadav	"https://img1.hscicdn.com/image/upload/f_auto,t_ds_square_w_320/lsci/db/PICTURES/CMS/331100/331163.png"
Axar Patel	"https://img1.hscicdn.com/image/upload/f_auto,t_ds_square_w_320/lsci/db/PICTURES/CMS/331100/331164.png"
Hardik Pandya	"https://img1.hscicdn.com/image/upload/f_auto,t_ds_square_w_320/lsci/db/PICTURES/CMS/319900/319938.png"
Dinesh Karthik	"https://img1.hscicdn.com/image/upload/f_auto,t_ds_square_w_320/lsci/db/PICTURES/CMS/319900/319934.png"
Ravichandran Ashwin	"https://img1.hscicdn.com/image/upload/f_auto,t_ds_square_w_320/lsci/db/PICTURES/CMS/316500/316521.png"
Najmul Hossain Shanto	"https://img1.hscicdn.com/image/upload/f_auto,t_ds_square_w_320/lsci/db/PICTURES/CMS/323100/323155.png"
Soumya Sarkar	"https://img1.hscicdn.com/image/upload/f_auto,t_ds_square_w_320/lsci/db/PICTURES/CMS/316600/316685.png"
Litton Das	"https://img1.hscicdn.com/image/upload/f_auto,t_ds_square_w_320/lsci/db/PICTURES/CMS/319700/319727.png"
Shakib Al Hasan	"https://img1.hscicdn.com/image/upload/f_auto,t_ds_square_w_320/lsci/db/PICTURES/CMS/316500/316581.png"
Afif Hossain	"https://img1.hscicdn.com/image/upload/f_auto,t_ds_square_w_320/lsci/db/PICTURES/CMS/323100/323159.png"
Yasir Ali	"https://img1.hscicdn.com/image/upload/f_auto,t_h_100_2x/lsci/db/PICTURES/CMS/179500/179555.1.jpg"
Nurul Hasan	"https://img1.hscicdn.com/image/upload/f_auto,t_ds_square_w_320/lsci/db/PICTURES/CMS/323100/323162.png"
Mosaddek Hossain	"https://img1.hscicdn.com/image/upload/f_auto,t_ds_square_w_320/lsci/db/PICTURES/CMS/319700/319733.png"
Taskin Ahmed	"https://img1.hscicdn.com/image/upload/f_auto,t_ds_square_w_320/lsci/db/PICTURES/CMS/316700/316703.png"
Hasan Mahmud	"https://img1.hscicdn.com/image/upload/f_auto,t_ds_square_w_320/lsci/db/PICTURES/CMS/323100/323172.png"
Shariz Ahmad	
Quinton de Kock	"https://img1.hscicdn.com/image/upload/f_auto,t_ds_square_w_320/lsci/db/PICTURES/CMS/316600/316668.png"
Temba Bavuma	"https://img1.hscicdn.com/image/upload/f_auto,t_ds_square_w_320/lsci/db/PICTURES/CMS/320300/320389.png"
Fionn Hand	"https://img1.hscicdn.com/image/upload/f_auto,t_ds_square_w_320/lsci/db/PICTURES/CMS/348600/348603.png"
Rilee Rossouw	"https://img1.hscicdn.com/image/upload/f_auto,t_ds_square_w_320/lsci/db/PICTURES/CMS/316600/316651.png"
Tristan Stubbs	"https://img1.hscicdn.com/image/upload/f_auto,t_ds_square_w_320/lsci/db/PICTURES/CMS/348500/348577.png"
Aiden Markram	"https://img1.hscicdn.com/image/upload/f_auto,t_ds_square_w_320/lsci/db/PICTURES/CMS/322000/322067.png"
David Miller	"https://img1.hscicdn.com/image/upload/f_auto,t_ds_square_w_320/lsci/db/PICTURES/CMS/316600/316655.png"
Wayne Parnell	"https://img1.hscicdn.com/image/upload/f_auto,t_ds_square_w_320/lsci/db/PICTURES/CMS/316600/316608.png"
Mehidy Hasan Miraz	"https://img1.hscicdn.com/image/upload/f_auto,t_ds_square_w_320/lsci/db/PICTURES/CMS/319700/319728.png"
Mustafizur Rahman	"https://img1.hscicdn.com/image/upload/f_auto,t_ds_square_w_320/lsci/db/PICTURES/CMS/319700/319734.png"
Brad Evans	"https://img1.hscicdn.com/image/upload/f_auto,t_ds_square_w_320/lsci/db/PICTURES/CMS/348500/348596.png"
Mohammad Wasim	"https://img1.hscicdn.com/image/upload/f_auto,t_ds_square_w_320/lsci/db/PICTURES/CMS/322100/322154.png"
Daryl Mitchell	"https://img1.hscicdn.com/image/upload/f_auto,t_ds_square_w_320/lsci/db/PICTURES/CMS/321200/321212.png"
Mitchell Santner	"https://img1.hscicdn.com/image/upload/f_auto,t_ds_square_w_320/lsci/db/PICTURES/CMS/319700/319792.png"
Ish Sodhi	"https://img1.hscicdn.com/image/upload/f_auto,t_ds_square_w_320/lsci/db/PICTURES/CMS/319700/319778.png"
Tim Southee	"https://img1.hscicdn.com/image/upload/f_auto,t_ds_square_w_320/lsci/db/PICTURES/CMS/316500/316596.png"
Kasun Rajitha	"https://img1.hscicdn.com/image/upload/f_auto,t_ds_square_w_320/lsci/db/PICTURES/CMS/322900/322957.png"
Lahiru Kumara	"https://img1.hscicdn.com/image/upload/f_auto,t_ds_square_w_320/lsci/db/PICTURES/CMS/322900/322942.png"
Stephan Myburgh	"https://img1.hscicdn.com/image/upload/f_auto,t_ds_square_w_320/lsci/db/PICTURES/CMS/322500/322584.png"
Fakhar Zaman	"https://img1.hscicdn.com/image/upload/f_auto,t_ds_square_w_640,q_50/lsci/db/PICTURES/CMS/320400/320449.png"
Cameron Green	"https://img1.hscicdn.com/image/upload/f_auto,t_ds_square_w_640,q_50/lsci/db/PICTURES/CMS/321500/321569.png"
Mohammad Haris	
